{
    "Ambiguous Double Width": false,
    "Ansi 0 Color": {
        "Alpha Component": 1,
        "Blue Component": 0,
        "Color Space": "sRGB",
        "Green Component": 0,
        "Red Component": 0
    },
    "Ansi 1 Color": {
        "Alpha Component": 1,
        "Blue Component": 0.17647058823529413,
        "Color Space": "sRGB",
        "Green Component": 0.2549019607843137,
        "Red Component": 0.9686274509803922
    },
    "Ansi 10 Color": {
        "Alpha Component": 1,
        "Blue Component": 0.2549019607843137,
        "Color Space": "sRGB",
        "Green Component": 0.7725490196078432,
        "Red Component": 0.5372549019607843
    },
    "Ansi 11 Color": {
        "Alpha Component": 1,
        "Blue Component": 0.596078431372549,
        "Color Space": "sRGB",
        "Green Component": 0.9647058823529412,
        "Red Component": 1
    },
    "Ansi 12 Color": {
        "Alpha Component": 1,
        "Blue Component": 0.9764705882352941,
        "Color Space": "sRGB",
        "Green Component": 0.7098039215686275,
        "Red Component": 0.09411764705882353
    },
    "Ansi 13 Color": {
        "Alpha Component": 1,
        "Blue Component": 0.9098039215686274,
        "Color Space": "sRGB",
        "Green Component": 0.7411764705882353,
        "Red Component": 0.8862745098039215
    },
    "Ansi 14 Color": {
        "Alpha Component": 1,
        "Blue Component": 0.8862745098039215,
        "Color Space": "sRGB",
        "Green Component": 0.8156862745098039,
        "Red Component": 0.27058823529411763
    },
    "Ansi 15 Color": {
        "Alpha Component": 1,
        "Blue Component": 1,
        "Color Space": "sRGB",
        "Green Component": 1,
        "Red Component": 1
    },
    "Ansi 2 Color": {
        "Alpha Component": 1,
        "Blue Component": 0.37254901960784315,
        "Color Space": "sRGB",
        "Green Component": 0.803921568627451,
        "Red Component": 0.6078431372549019
    },
    "Ansi 3 Color": {
        "Alpha Component": 1,
        "Blue Component": 0.09411764705882353,
        "Color Space": "sRGB",
        "Green Component": 0.9294117647058824,
        "Red Component": 1
    },
    "Ansi 4 Color": {
        "Alpha Component": 1,
        "Blue Component": 0.9725490196078431,
        "Color Space": "sRGB",
        "Green Component": 0.6392156862745098,
        "Red Component": 0.23137254901960785
    },
    "Ansi 5 Color": {
        "Alpha Component": 1,
        "Blue Component": 0.8549019607843137,
        "Color Space": "sRGB",
        "Green Component": 0.5686274509803921,
        "Red Component": 0.8117647058823529
    },
    "Ansi 6 Color": {
        "Alpha Component": 1,
        "Blue Component": 0.8392156862745098,
        "Color Space": "sRGB",
        "Green Component": 0.7372549019607844,
        "Red Component": 0
    },
    "Ansi 7 Color": {
        "Alpha Component": 1,
        "Blue Component": 0.8784313725490196,
        "Color Space": "sRGB",
        "Green Component": 0.8784313725490196,
        "Red Component": 0.8784313725490196
    },
    "Ansi 8 Color": {
        "Alpha Component": 1,
        "Blue Component": 0.4823529411764706,
        "Color Space": "sRGB",
        "Green Component": 0.49411764705882355,
        "Red Component": 0.5019607843137255
    },
    "Ansi 9 Color": {
        "Alpha Component": 1,
        "Blue Component": 0.44313725490196076,
        "Color Space": "sRGB",
        "Green Component": 0.4470588235294118,
        "Red Component": 0.9058823529411765
    },
    "ASCII Anti Aliased": true,
    "Background Color": {
        "Alpha Component": 1,
        "Blue Component": 0.22745098039215686,
        "Color Space": "sRGB",
        "Green Component": 0.20392156862745098,
        "Red Component": 0.1568627450980392
    },
    "Background Image Location": "",
    "Badge Color": {
        "Alpha Component": 0.5019607843137255,
        "Blue Component": 1,
        "Color Space": "sRGB",
        "Green Component": 1,
        "Red Component": 1
    },
    "Blinking Cursor": false,
    "Blur": true,
    "Blur Radius": 12,
    "BM Growl": true,
    "Bold Color": {
        "Alpha Component": 1,
        "Blue Component": 1,
        "Color Space": "sRGB",
        "Green Component": 1,
        "Red Component": 1
    },
    "Character Encoding": 4,
    "Close Sessions On End": true,
    "Columns": 220,
    "Command": "",
    "Cursor Color": {
        "Alpha Component": 1,
        "Blue Component": 0.5450980392156862,
        "Color Space": "sRGB",
        "Green Component": 0.5450980392156862,
        "Red Component": 0.5450980392156862
    },
    "Cursor Guide Color": {
        "Alpha Component": 0.25098039215686274,
        "Blue Component": 1,
        "Color Space": "sRGB",
        "Green Component": 1,
        "Red Component": 1
    },
    "Cursor Text Color": {
        "Alpha Component": 1,
        "Blue Component": 1,
        "Color Space": "sRGB",
        "Green Component": 1,
        "Red Component": 1
    },
    "Custom Command": "No",
    "Custom Directory": "No",
    "Default Bookmark": "No",
    "Description": "Default",
    "Disable Window Resizing": true,
    "Draw Powerline Glyphs": false,
    "Flashing Bell": false,
    "Foreground Color": {
        "Alpha Component": 1,
        "Blue Component": 1,
        "Color Space": "sRGB",
        "Green Component": 1,
        "Red Component": 1
    },
    "Guid": "5EEEE8E1-867A-489A-82FF-BD2BDCF2145C",
    "Horizontal Spacing": 1,
    "Icon": 0,
    "Idle Code": 0,
    "Jobs to Ignore": [
        "rlogin",
        "slogin",
        "ssh",
        "telnet"
    ],
    "Keyboard Map": {
        "0x2d-0x40000": {
            "Action": 11,
            "Text": "0x1f"
        },
        "0x5e-0x60000": {
            "Action": 11,
            "Text": "0x1e"
        },
        "0xf700-0x220000": {
            "Action": 10,
            "Text": "[A"
        },
        "0xf700-0x240000": {
            "Action": 10,
            "Text": "[A"
        },
        "0xf700-0x260000": {
            "Action": 10,
            "Text": "[A"
        },
        "0xf700-0x280000": {
            "Action": 10,
            "Text": "[A"
        },
        "0xf701-0x220000": {
            "Action": 10,
            "Text": "[B"
        },
        "0xf701-0x240000": {
            "Action": 10,
            "Text": "[B"
        },
        "0xf701-0x260000": {
            "Action": 10,
            "Text": "[B"
        },
        "0xf701-0x280000": {
            "Action": 10,
            "Text": "[B"
        },
        "0xf702-0x220000": {
            "Action": 10,
            "Text": "[D"
        },
        "0xf702-0x240000": {
            "Action": 10,
            "Text": "[5D"
        },
        "0xf702-0x260000": {
            "Action": 11,
            "Text": "0x1b 0x1b 0x5b 0x44"
        },
        "0xf702-0x280000": {
            "Action": 10,
            "Text": "b"
        },
        "0xf703-0x220000": {
            "Action": 10,
            "Text": "[C"
        },
        "0xf703-0x240000": {
            "Action": 10,
            "Text": "[5C"
        },
        "0xf703-0x260000": {
            "Action": 10,
            "Text": "[C"
        },
        "0xf703-0x280000": {
            "Action": 10,
            "Text": "f"
        },
        "0xf708-0x20000": {
            "Action": 10,
            "Text": "[25~"
        },
        "0xf709-0x20000": {
            "Action": 10,
            "Text": "[26~"
        },
        "0xf70a-0x20000": {
            "Action": 10,
            "Text": "[28~"
        },
        "0xf70b-0x20000": {
            "Action": 10,
            "Text": "[29~"
        },
        "0xf729-0x20000": {
            "Action": 10,
            "Text": "[H"
        },
        "0xf729-0x40000": {
            "Action": 5,
            "Text": ""
        },
        "0xf72b-0x20000": {
            "Action": 10,
            "Text": "[F"
        },
        "0xf72b-0x40000": {
            "Action": 4,